{"stats":{"minecraft:used":{"immersive_aircraft:airship":2,"securitycraft:keypad_chest":5,"tacz:gun_smith_table":1,"minecraft:chest":2,"minecraft:rotten_flesh":3,"minecraft:torch":25,"epicsamurai:iron_samurai_helmet_master":1,"epicsamurai:iron_samurai_chestplate":1,"minecraft:sweet_berries":16,"minecraft:furnace":2,"immersive_aircraft:biplane":3,"minecraft:stone_pickaxe":132,"minecraft:wooden_pickaxe":59,"minecraft:crafting_table":1,"epicsamurai:iron_samurai_leggings":1,"minecraft:iron_pickaxe":491,"minecraft:gravel":1,"minecraft:stone_axe":44,"minecraft:cobblestone":50,"travelersbackpack:standard":1,"epicsamurai:iron_samurai_boots":1,"minecraft:cooked_porkchop":12},"minecraft:crafted":{"minecraft:oak_planks":64,"minecraft:raw_iron":243,"epicsamurai:iron_samurai_helmet_master":1,"minecraft:iron_nugget":99,"epicsamurai:iron_samurai_chestplate":1,"minecraft:furnace":2,"epicsamurai:iron_samurai_leggings":1,"minecraft:raw_copper":171,"minecraft:iron_axe":1,"minecraft:stone_pickaxe":1,"minecraft:chest":2,"minecraft:crafting_table":1,"minecraft:wooden_pickaxe":1,"tacz:gun_smith_table":1,"minecraft:copper_ingot":112,"minecraft:stone_axe":1,"minecraft:air":0,"minecraft:raw_gold":54,"minecraft:stick":20,"minecraft:iron_pickaxe":3,"minecraft:iron_ingot":107,"minecraft:iron_block":1,"minecraft:gold_ingot":54,"minecraft:torch":24,"epicsamurai:iron_samurai_boots":1},"minecraft:broken":{"minecraft:wooden_pickaxe":1,"minecraft:stone_pickaxe":1,"minecraft:iron_pickaxe":1},"minecraft:mined":{"spore:wall_growths_big":36,"spore:wall_growths":18,"spore:fungal_stem":11,"spore:growths_small":22,"spore:infested_dirt":1,"spore:mycelium_veins":17,"spore:blomfung":12,"minecraft:iron_ore":9,"spore:infested_stone":2,"minecraft:andesite":16,"spore:growth_mycelium":15,"minecraft:stone":555,"spore:growths_big":24,"minecraft:crafting_table":1,"minecraft:torch":2,"minecraft:copper_ore":4,"minecraft:cobblestone":9,"minecraft:wall_torch":7,"spore:bloomfung2":32,"minecraft:sweet_berry_bush":10,"spore:fungal_stem_top":7,"minecraft:grass":10,"minecraft:oak_log":45,"minecraft:coal_ore":25,"minecraft:mycelium":4,"minecraft:gravel":4,"minecraft:dirt":3,"minecraft:oak_leaves":3,"minecraft:deepslate":14},"minecraft:picked_up":{"minecraft:crafting_table":2,"simplehats:hatbag_rare":1,"spore:infested_dirt":1,"minecraft:wooden_pickaxe":1,"immersive_aircraft:hull_reinforcement":8,"spore:sickle_fragment":2,"minecraft:string":2,"immersive_aircraft:improved_landing_gear":8,"immersive_aircraft:biplane":1,"minecraft:raw_copper":19,"tacz:ammo":312,"immersive_aircraft:bomb_bay":2,"immersive_aircraft:heavy_crossbow":1,"minecraft:cobbled_deepslate":13,"minecraft:birch_sapling":2,"minecraft:egg":1,"minecraft:stick":2,"minecraft:raw_iron":11,"simplehats:hatbag_common":1,"minecraft:torch":8,"pointblank:gunmetal_nugget":23,"immersive_aircraft:rotary_cannon":1,"immersive_aircraft:eco_engine":8,"minecraft:rotten_flesh":23,"minecraft:cobblestone":750,"immersive_aircraft:nether_engine":8,"simplehats:poofballhat":1,"minecraft:andesite":16,"spore:infested_stone":2,"simplehats:circular_glasses":1,"minecraft:potato":1,"minecraft:flint":1,"minecraft:oak_log":49,"minecraft:gunpowder":180,"minecraft:lapis_lazuli":21,"immersive_aircraft:gyrodyne":1,"minecraft:dirt":3,"minecraft:bone":1,"minecraft:apple":1,"immersive_aircraft:industrial_gears":8,"simplehats:finnhood":1,"minecraft:iron_ingot":19,"spore:mutated_fiber":14,"simplehats:hatbag_uncommon":1,"darkestsouls:blood_stone_fragment":1,"immersive_aircraft:airship":2,"minecraft:oak_planks":35,"spore:cerebrum":1,"minecraft:sweet_berries":15,"immersive_aircraft:sturdy_pipes":8,"spore:armor_fragment":11,"minecraft:gravel":3,"minecraft:lava_bucket":7,"immersive_aircraft:gyroscope":8,"simplehats:baby_crewmate":1,"immersive_aircraft:enhanced_propeller":8,"immersive_aircraft:telescope":2,"tacz:modern_kinetic_gun":3,"minecraft:stone_axe":1,"immersive_aircraft:quadrocopter":1,"immersive_aircraft:steel_boiler":8,"minecraft:oak_sapling":2,"minecraft:coal":65},"minecraft:killed":{"minecraft:spider":1,"minecraft:skeleton":1,"darkestsouls:beast_patient":1,"spore:inf_villager":3,"spore:mound":3,"spore:inf_human":2,"minecraft:zombie":20,"zombie_more:explosive_zombie":1,"darkestsouls:cloaked_beast_patient":1,"spore:howler":1,"spore:slasher":2,"mowziesmobs:naga":1},"minecraft:custom":{"minecraft:mob_kills":37,"minecraft:interact_with_crafting_table":22,"minecraft:leave_game":4,"minecraft:time_since_death":118614,"minecraft:sprint_one_cm":273774,"minecraft:walk_one_cm":304687,"minecraft:drop":32,"minecraft:play_time":143362,"minecraft:deaths":1,"minecraft:sneak_time":171,"minecraft:walk_under_water_one_cm":2249,"minecraft:jump":1519,"minecraft:walk_on_water_one_cm":746,"minecraft:total_world_time":143362,"minecraft:interact_with_furnace":48,"minecraft:time_since_rest":119554,"minecraft:damage_taken":900,"minecraft:damage_dealt":1053,"minecraft:swim_one_cm":4388,"minecraft:fly_one_cm":153684,"minecraft:open_chest":28,"minecraft:crouch_one_cm":103,"minecraft:fall_one_cm":18868},"minecraft:dropped":{"immersive_aircraft:improved_landing_gear":8,"epicpaladins:steel_ingot":6,"immersive_aircraft:rotary_cannon":1,"immersive_aircraft:industrial_gears":8,"immersive_aircraft:enhanced_propeller":8,"minecraft:cobblestone":23,"immersive_aircraft:sturdy_pipes":8,"minecraft:lava_bucket":7,"immersive_aircraft:heavy_crossbow":1,"immersive_aircraft:gyrodyne":1,"tacz:modern_kinetic_gun":1,"immersive_aircraft:eco_engine":8,"immersive_aircraft:gyroscope":8,"immersive_aircraft:telescope":2,"immersive_aircraft:bomb_bay":2,"minecraft:sweet_berries":76,"minecraft:raw_iron":63,"immersive_aircraft:quadrocopter":1,"immersive_aircraft:nether_engine":8,"immersive_aircraft:steel_boiler":8,"immersive_aircraft:hull_reinforcement":8}},"DataVersion":3465}