{"stats":{"minecraft:used":{"minecraft:diorite":1,"minecraft:stone_sword":15,"minecraft:stone_pickaxe":392,"minecraft:oak_planks":10,"minecraft:chest":2,"minecraft:wooden_pickaxe":59,"minecraft:torch":73,"minecraft:dirt":4,"minecraft:crafting_table":7,"minecraft:granite":1,"minecraft:iron_pickaxe":613,"minecraft:stone_axe":43,"minecraft:cobblestone":6,"minecraft:sweet_berries":51,"minecraft:furnace":1,"minecraft:cooked_porkchop":5,"minecraft:cobbled_deepslate":9},"minecraft:crafted":{"minecraft:oak_planks":16,"minecraft:crafting_table":4,"minecraft:wooden_pickaxe":1,"minecraft:furnace":1,"minecraft:birch_planks":44,"minecraft:stone_axe":1,"minecraft:iron_bars":16,"minecraft:stick":40,"minecraft:iron_ingot":64,"minecraft:iron_pickaxe":3,"minecraft:stone_pickaxe":3,"minecraft:stone_sword":1,"minecraft:chest":2,"minecraft:torch":84},"minecraft:broken":{"minecraft:stone_pickaxe":3,"minecraft:iron_pickaxe":2,"minecraft:wooden_pickaxe":1},"minecraft:mined":{"minecraft:deepslate_redstone_ore":19,"minecraft:tuff":13,"minecraft:crafting_table":3,"gravestone:gravestone":2,"minecraft:granite":7,"minecraft:grass_block":5,"minecraft:copper_ore":27,"minecraft:cobblestone":3,"minecraft:deepslate_gold_ore":5,"minecraft:lapis_ore":4,"minecraft:oak_planks":10,"minecraft:diorite":4,"minecraft:wall_torch":3,"minecraft:birch_log":11,"minecraft:iron_ore":8,"minecraft:sweet_berry_bush":1,"minecraft:andesite":187,"minecraft:grass":1,"minecraft:oak_log":15,"minecraft:coal_ore":67,"minecraft:deepslate_iron_ore":7,"minecraft:gravel":55,"minecraft:dirt":9,"minecraft:stone":581,"minecraft:oak_leaves":2,"minecraft:deepslate":117},"minecraft:picked_up":{"minecraft:birch_log":11,"minecraft:crafting_table":3,"minecraft:andesite":187,"simplehats:circular_glasses":1,"minecraft:birch_planks":40,"simplehats:explorerhat":1,"minecraft:flint":4,"minecraft:tuff":13,"minecraft:oak_log":15,"minecraft:gunpowder":1,"minecraft:lapis_lazuli":42,"minecraft:dirt":14,"minecraft:raw_copper":93,"minecraft:cobbled_deepslate":117,"minecraft:raw_gold":5,"epicpaladins:steel_ingot":6,"minecraft:oak_planks":11,"minecraft:raw_iron":78,"minecraft:cooked_porkchop":5,"darkestsouls:soul_fragment":2,"simplehats:hatbag_common":1,"minecraft:sweet_berries":76,"minecraft:torch":5,"minecraft:gravel":51,"pointblank:gunmetal_nugget":14,"minecraft:diorite":1,"minecraft:redstone":86,"minecraft:rotten_flesh":1,"tacz:modern_kinetic_gun":1,"minecraft:granite":7,"darkestsouls:titanite_fragment":1,"minecraft:oak_sapling":2,"minecraft:coal":67,"minecraft:cobblestone":602},"minecraft:killed":{"zombie_more:cursed_zombie":1,"spore:inf_human":1,"minecraft:zombie":3},"minecraft:custom":{"minecraft:interact_with_furnace":12,"minecraft:mob_kills":5,"minecraft:interact_with_crafting_table":22,"minecraft:leave_game":2,"minecraft:time_since_death":88589,"minecraft:time_since_rest":89247,"minecraft:sprint_one_cm":57534,"minecraft:damage_taken":1015,"minecraft:walk_one_cm":191985,"minecraft:drop":19,"minecraft:damage_dealt":1358,"minecraft:fly_one_cm":10917,"minecraft:open_chest":13,"minecraft:crouch_one_cm":518,"minecraft:play_time":108859,"minecraft:deaths":1,"minecraft:sneak_time":132,"minecraft:walk_under_water_one_cm":509,"minecraft:jump":580,"minecraft:walk_on_water_one_cm":510,"minecraft:total_world_time":108859,"minecraft:fall_one_cm":6980},"minecraft:dropped":{"minecraft:iron_ingot":18,"minecraft:stone_axe":1,"minecraft:lapis_lazuli":42,"minecraft:oak_log":5,"minecraft:crafting_table":1,"minecraft:raw_iron":2,"minecraft:cobblestone":199,"minecraft:oak_planks":36,"minecraft:coal":40,"pointblank:gunmetal_nugget":4,"simplehats:circular_glasses":1,"minecraft:oak_sapling":1,"tacz:modern_kinetic_gun":1,"minecraft:wooden_pickaxe":1}},"DataVersion":3465}