{"stats":{"minecraft:used":{"minecraft:diorite":1,"minecraft:stone_sword":8,"minecraft:stone_pickaxe":392,"minecraft:chest":2,"minecraft:wooden_pickaxe":59,"minecraft:torch":39,"minecraft:dirt":4,"minecraft:crafting_table":7,"minecraft:granite":1,"minecraft:iron_pickaxe":570,"minecraft:stone_axe":31,"minecraft:cobblestone":6,"minecraft:sweet_berries":51,"minecraft:furnace":1,"minecraft:cobbled_deepslate":9},"minecraft:crafted":{"minecraft:oak_planks":16,"minecraft:crafting_table":4,"minecraft:wooden_pickaxe":1,"minecraft:furnace":1,"minecraft:birch_planks":44,"minecraft:stone_axe":1,"minecraft:iron_bars":16,"minecraft:stick":24,"minecraft:iron_ingot":45,"minecraft:iron_pickaxe":3,"minecraft:stone_pickaxe":3,"minecraft:stone_sword":1,"minecraft:chest":2,"minecraft:torch":28},"minecraft:broken":{"minecraft:stone_pickaxe":3,"minecraft:iron_pickaxe":2,"minecraft:wooden_pickaxe":1},"minecraft:mined":{"minecraft:deepslate_redstone_ore":1,"minecraft:tuff":11,"minecraft:crafting_table":3,"gravestone:gravestone":2,"minecraft:granite":7,"minecraft:grass_block":5,"minecraft:copper_ore":27,"minecraft:cobblestone":3,"minecraft:lapis_ore":4,"minecraft:diorite":4,"minecraft:wall_torch":3,"minecraft:birch_log":11,"minecraft:iron_ore":8,"minecraft:sweet_berry_bush":1,"minecraft:andesite":187,"minecraft:grass":1,"minecraft:oak_log":15,"minecraft:coal_ore":67,"minecraft:deepslate_iron_ore":6,"minecraft:gravel":53,"minecraft:dirt":9,"minecraft:stone":581,"minecraft:oak_leaves":2,"minecraft:deepslate":100},"minecraft:picked_up":{"minecraft:birch_log":11,"minecraft:crafting_table":3,"minecraft:andesite":187,"simplehats:circular_glasses":1,"minecraft:birch_planks":40,"minecraft:flint":4,"minecraft:tuff":11,"minecraft:oak_log":15,"minecraft:lapis_lazuli":42,"minecraft:dirt":14,"minecraft:raw_copper":93,"minecraft:cobbled_deepslate":100,"epicpaladins:steel_ingot":6,"minecraft:oak_planks":1,"minecraft:raw_iron":77,"simplehats:hatbag_common":1,"minecraft:sweet_berries":76,"minecraft:torch":5,"minecraft:gravel":49,"pointblank:gunmetal_nugget":8,"minecraft:diorite":1,"minecraft:redstone":5,"minecraft:rotten_flesh":1,"tacz:modern_kinetic_gun":1,"minecraft:granite":7,"minecraft:oak_sapling":2,"minecraft:coal":67,"minecraft:cobblestone":602},"minecraft:killed":{"zombie_more:cursed_zombie":1,"minecraft:zombie":3},"minecraft:custom":{"minecraft:interact_with_furnace":10,"minecraft:mob_kills":4,"minecraft:interact_with_crafting_table":19,"minecraft:leave_game":2,"minecraft:time_since_death":76589,"minecraft:time_since_rest":77247,"minecraft:sprint_one_cm":46064,"minecraft:damage_taken":580,"minecraft:walk_one_cm":146180,"minecraft:drop":19,"minecraft:damage_dealt":894,"minecraft:fly_one_cm":9149,"minecraft:open_chest":11,"minecraft:crouch_one_cm":84,"minecraft:play_time":96859,"minecraft:deaths":1,"minecraft:sneak_time":20,"minecraft:walk_under_water_one_cm":509,"minecraft:jump":360,"minecraft:walk_on_water_one_cm":510,"minecraft:total_world_time":96859,"minecraft:fall_one_cm":4294},"minecraft:dropped":{"minecraft:iron_ingot":18,"minecraft:stone_axe":1,"minecraft:lapis_lazuli":42,"minecraft:oak_log":5,"minecraft:crafting_table":1,"minecraft:raw_iron":2,"minecraft:cobblestone":199,"minecraft:oak_planks":36,"minecraft:coal":40,"pointblank:gunmetal_nugget":4,"simplehats:circular_glasses":1,"minecraft:oak_sapling":1,"tacz:modern_kinetic_gun":1,"minecraft:wooden_pickaxe":1}},"DataVersion":3465}